model_name,family,format,quantization,is_default,bn_support
ace_step_turbo_q8_0,ace_step,gguf,q8_0,no,no
ace_step_turbo_bf16,ace_step,gguf,bf16,yes,no
ace_step_base_q8_0,ace_step,gguf,q8_0,no,no
ace_step_base_bf16,ace_step,gguf,bf16,no,no
ace_step_xl_turbo_bf16,ace_step,gguf,bf16,no,no
ace_step_xl_sft_bf16,ace_step,gguf,bf16,no,no
ace_step_xl_turbo_q8dit,ace_step,gguf,q8_0,no,no
ace_step_xl_sft_q8dit,ace_step,gguf,q8_0,no,no
apollo_orig,apollo,gguf,f32,yes,no
audio8_asr_0_1b_q8_0,audio8_asr,gguf,q8_0,yes,no
audio8_asr_0_1b_f16,audio8_asr,gguf,f16,no,no
audio8_asr_0_1b_safetensors,audio8_asr,safetensors,bfloat16,no,no
audio8_tts_preview_0_6b_q8_0,audio8_tts,gguf,q8_0,yes,no
audiosr_basic_f32,audiosr,gguf,f32,yes,no
auk_base_f32,auk,gguf,f32,yes,no
auk_base_f16,auk,gguf,f16,no,no
auk_base_q8_0,auk,gguf,q8_0,no,no
auk_flash_f32,auk,gguf,f32,no,no
auk_flash_f16,auk,gguf,f16,no,no
auk_flash_q8_0,auk,gguf,q8_0,no,no
auk_qwen_bf16,auk,gguf,bf16,no,no
auk_qwen_q8_0,auk,gguf,q8_0,no,no
auk_vae_f32,auk,gguf,f32,no,no
breeze_tts_2_q8_0,breeze_tts,gguf,q8_0,yes,no
breeze_tts_2_bf16,breeze_tts,gguf,bf16,no,no
bs_roformer_q8_0,bs_roformer,gguf,q8_0,yes,no
canary_180m_flash_f32,canary_asr,gguf,f32,yes,no
canary_180m_flash_q8_0,canary_asr,gguf,q8_0,no,no
chatterbox_q8_0,chatterbox,gguf,q8_0,yes,no
chatterbox_f16,chatterbox,gguf,f16,no,no
chatterbox_safetensors,chatterbox,safetensors,native,no,no
chatterbox_turbo_q8_0,chatterbox_turbo,gguf,q8_0,yes,no
chatterbox_turbo_f16,chatterbox_turbo,gguf,f16,no,no
citrinet_asr_q8_0,citrinet_asr,gguf,q8_0,yes,no
cohere_transcribe_bf16,cohere_asr,gguf,bf16,yes,no
cohere_transcribe_q8_0,cohere_asr,gguf,q8_0,no,no
cohere_transcribe_q4_0,cohere_asr,gguf,q4_0,no,no
confucius4_r2t2_q8_0,confucius4_r2t2,gguf,q8_0,yes,no
confucius4_r2t2_f16,confucius4_r2t2,gguf,f16,no,no
confucius4_r2t2_q4_k_m,confucius4_r2t2,gguf,q4_k_m,no,no
confucius4_r2t2_safetensors,confucius4_r2t2,safetensors,native,no,no
confucius4_tts_orig,confucius4_tts,gguf,orig,yes,no
controlfoley_large_44k_f32,controlfoley,gguf,f32,no,no
controlfoley_large_44k_q8_0,controlfoley,gguf,q8_0,yes,no
cosyvoice3_q8_0,cosyvoice3,gguf,q8_0,yes,no
cosyvoice3_f32,cosyvoice3,gguf,f32,no,no
dots_tts_soar_q8_0,dots_tts,gguf,q8_0,yes,no
dots_tts_soar_bf16,dots_tts,gguf,bf16,no,no
dots_tts_mf_q8_0,dots_tts,gguf,q8_0,no,no
dots_tts_mf_bf16,dots_tts,gguf,bf16,no,no
dots_tts_edit_q8_0,dots_tts,gguf,q8_0,no,no
dots_tts_edit_bf16,dots_tts,gguf,bf16,no,no
dramabox_q8_0,dramabox,gguf,q8_0,yes,no
echo_tts_q8_0,echo_tts,gguf,q8_0,yes,no
echo_tts_f16,echo_tts,gguf,f16,no,no
habibi_unified,f5_tts,gguf,orig,yes,no
vocos_mel_24khz,f5_tts,gguf,orig,no,no
habibi_alg,f5_tts,gguf,orig,no,no
habibi_egy,f5_tts,gguf,orig,no,no
habibi_irq,f5_tts,gguf,orig,no,no
habibi_mar,f5_tts,gguf,orig,no,no
habibi_msa,f5_tts,gguf,orig,no,no
habibi_sau,f5_tts,gguf,orig,no,no
habibi_uae,f5_tts,gguf,orig,no,no
firered_audio_orig,firered_audio,gguf,orig,no,no
firered_audio_q8_0,firered_audio,gguf,q8_0,yes,no
fireredtts3_instruct_orig,fireredtts3,gguf,orig,no,no
fireredtts3_instruct_q8_0,fireredtts3,gguf,q8_0,yes,no
fireredtts3_base_orig,fireredtts3,gguf,orig,no,no
fireredtts3_base_q8_0,fireredtts3,gguf,q8_0,no,no
fish_audio_s2_pro_q8_0,fish_audio,gguf,q8_0,yes,no
fish_audio_s2_pro_bf16,fish_audio,gguf,bf16,no,no
fun_asr_nano_2512_q8_0,fun_asr_nano,gguf,q8_0,yes,no
fun_asr_nano_2512_f16,fun_asr_nano,gguf,f16,no,no
fun_asr_nano_2512_safetensors,fun_asr_nano,safetensors,native,no,no
gigaam_v3_ctc_f16,gigaam_asr,gguf,f16,yes,no
gigaam_v3_rnnt_f16,gigaam_asr,gguf,f16,no,no
gigaam_v3_e2e_ctc_f16,gigaam_asr,gguf,f16,no,no
gigaam_v3_e2e_rnnt_f16,gigaam_asr,gguf,f16,no,no
gigaam_multilingual_ctc_f32,gigaam_asr,gguf,f32,no,no
gigaam_multilingual_ctc_f16,gigaam_asr,gguf,f16,no,no
gigaam_multilingual_large_ctc_f32,gigaam_asr,gguf,f32,no,no
gigaam_multilingual_large_ctc_f16,gigaam_asr,gguf,f16,no,no
glm_tts_q8_0,glm_tts,gguf,q8_0,yes,no
granite5asr_q8_0,granite5asr,gguf,q8_0,yes,no
granite5asr_safetensors,granite5asr,safetensors,bfloat16,no,no
heartmula_q8_0,heartmula,gguf,q8_0,yes,no
heartmula_f16,heartmula,gguf,f16,no,no
higgs_audio_stt_q8_0,higgs_audio_stt,gguf,q8_0,yes,no
higgs_audio_stt_f16,higgs_audio_stt,gguf,f16,no,no
higgs_audio_tts_4b_q8_0,higgs_audio_tts,gguf,q8_0,yes,no
higgs_audio_tts_4b_bf16,higgs_audio_tts,gguf,bf16,no,no
htdemucs_q8_0,htdemucs,gguf,q8_0,yes,no
htdemucs_f16,htdemucs,gguf,f16,no,no
htdemucs_6stems_q8_0,htdemucs_6stems,gguf,q8_0,yes,no
htdemucs_6stems_f16,htdemucs_6stems,gguf,f16,no,no
hviske_asr_q8_0,hviske_asr,gguf,q8_0,yes,no
hviske_asr_safetensors,hviske_asr,safetensors,native,no,no
index_tts2_q8_0,index_tts2,gguf,q8_0,yes,no
index_tts2_f16,index_tts2,gguf,f16,no,no
index_tts2_orig,index_tts2,gguf,orig,no,no
index_tts2_safetensors,index_tts2,safetensors,native,no,no
index_tts2_5_q8_0,index_tts2,gguf,q8_0,no,no
index_tts2_5_f16,index_tts2,gguf,f16,no,no
index_tts2_5_orig,index_tts2,gguf,orig,no,no
inflect_micro_v2_orig,inflect_v2,gguf,orig,yes,no
irodori_tts_v4_small_q8_0,irodori_tts,gguf,q8_0,yes,no
irodori_tts_v4_1_anime_q8_0,irodori_tts,gguf,q8_0,no,no
irodori_tts_v4_small_f16,irodori_tts,gguf,f16,no,no
irodori_tts_600m_v3_voicedesign_q8_0,irodori_tts,gguf,q8_0,no,no
irodori_tts_600m_v3_voicedesign_f16,irodori_tts,gguf,f16,no,no
irodori_tts_500m_v3_q8_0,irodori_tts,gguf,q8_0,no,no
irodori_tts_500m_v3_f16,irodori_tts,gguf,f16,no,no
kitten_tts_mini_0_8_orig,kitten_tts,gguf,orig,yes,no
kokoro_82m_q8_0,kokoro_tts,gguf,q8_0,yes,no
kokoro_82m_bf16,kokoro_tts,gguf,bf16,no,no
kroko_asr_community_q8_0,kroko_asr,gguf,q8_0,yes,no
liveavatar_nvfp4_lora,liveavatar,gguf,native,yes,no
magpie_tts_orig,magpie_tts,gguf,orig,no,no
magpie_tts_q8_0,magpie_tts,gguf,q8_0,yes,no
maya1_orig,maya1,gguf,orig,yes,no
maya1_q8_0,maya1,gguf,q8_0,no,no
meanvc2_120ms_40ms_f32,meanvc2,gguf,f32,yes,no
meanvc2_120ms_40ms_q4_k,meanvc2,gguf,q4_k,no,no
mel_band_roformer_q8_0,mel_band_roformer,gguf,q8_0,yes,no
mel_band_roformer_f16,mel_band_roformer,gguf,f16,no,no
mel_band_roformer_safetensors,mel_band_roformer,safetensors,native,no,no
midashenglm_gen_f32,midashenglm_gen,gguf,f32,no,no
midashenglm_gen_q8_0,midashenglm_gen,gguf,q8_0,yes,no
minimax_h3_q4_k,minimax_h3,gguf,q4_k,yes,no
minimax_h3_q4_k_int8_dit,minimax_h3,gguf,q4_k,no,no
minimax_music3_q4_0,minimax_music3,gguf,q4_0,yes,no
minimax_music3_q8_0,minimax_music3,gguf,q8_0,no,no
minimax_music3_bf16,minimax_music3,gguf,bf16,no,no
miocodec_q8_0,miocodec,gguf,q8_0,yes,no
miocodec_f16,miocodec,gguf,f16,no,no
miocodec_orig,miocodec,gguf,orig,no,no
miotts_1_7b_q8_0,miotts,gguf,q8_0,yes,no
miotts_1_7b_bf16,miotts,gguf,bf16,no,no
miotts_1_7b_orig,miotts,gguf,orig,no,no
mms_forced_aligner_300m_f16,mms_forced_aligner,gguf,f16,yes,yes
mms_forced_aligner_300m_safetensors,mms_forced_aligner,safetensors,native,no,yes
mms_forced_aligner_300m_q8_0,mms_forced_aligner,gguf,q8_0,no,yes
moonshine_streaming_tiny_q8_0,moonshine_asr,gguf,q8_0,yes,no
moonshine_streaming_small_q8_0,moonshine_asr,gguf,q8_0,no,no
moonshine_streaming_medium_q8_0,moonshine_asr,gguf,q8_0,no,no
moonshine_streaming_tiny_safetensors,moonshine_asr,safetensors,f32,no,no
moonshine_streaming_small_safetensors,moonshine_asr,safetensors,f32,no,no
moonshine_streaming_medium_safetensors,moonshine_asr,safetensors,f32,no,no
moss_transcribe_diarize_bf16,moss_transcribe_diarize,gguf,bf16,yes,no
moss_transcribe_diarize_q8_0,moss_transcribe_diarize,gguf,q8_0,no,no
moss_transcribe_diarize_q4_k,moss_transcribe_diarize,gguf,q4_k,no,no
moss_tts_local_v1_5_q8_0,moss_tts_local,gguf,q8_0,yes,no
moss_tts_local_v1_5_bf16,moss_tts_local,gguf,bf16,no,no
moss_tts_nano_100m_q8_0,moss_tts_nano,gguf,q8_0,yes,no
moss_tts_nano_100m_bf16,moss_tts_nano,gguf,bf16,no,no
moss_tts_v15_q8_0_codec_f16,moss_tts_v15,gguf,q8_0,yes,no
moss_tts_v15_q4_k_codec_f16,moss_tts_v15,gguf,q4_k,no,no
moss_tts_v15_bf16_codec_f16,moss_tts_v15,gguf,bf16,no,no
moss_ttsd_q8_0_codec_f16,moss_ttsd,gguf,q8_0,yes,no
moss_ttsd_q4_k_codec_f16,moss_ttsd,gguf,q4_k,no,no
moss_ttsd_bf16_codec_f16,moss_ttsd,gguf,bf16,no,no
moss_voicegen_bf16_codec_f16_decode,moss_voicegen,gguf,bf16,yes,no
muscriptor_small_f32,muscriptor,gguf,f32,yes,no
nemotron_3_diar_bf16,nemotron_3_diar,gguf,bf16,yes,no
nemotron_3_diar_q8_0,nemotron_3_diar,gguf,q8_0,no,no
nemotron_asr_q8_0,nemotron_asr,gguf,q8_0,yes,no
nemotron_asr_f16,nemotron_asr,gguf,f16,no,no
nemotron_asr_safetensors,nemotron_asr,safetensors,native,no,no
neutts_2e_orig,neutts,gguf,orig,yes,no
niagara_19m_f32,niagara_asr,gguf,f32,yes,no
niagara_38m_f32,niagara_asr,gguf,f32,no,no
omnivoice_q8_0,omnivoice,gguf,q8_0,yes,no
omnivoice_bf16,omnivoice,gguf,bf16,no,no
omnivoice_f16,omnivoice,gguf,f16,no,no
omnivoice_safetensors,omnivoice,safetensors,native,no,no
outetts_1_0_1b_q8_0,outetts,gguf,q8_0,yes,no
parakeet_tdt_q8_0,parakeet_tdt,gguf,q8_0,yes,no
parakeet_tdt_f16,parakeet_tdt,gguf,f16,no,no
orukeet_q8_0,parakeet_tdt,gguf,q8_0,no,no
orukeet_f16,parakeet_tdt,gguf,f16,no,no
personaplex_7b_v1_q4_k,personaplex,gguf,q4_k,yes,no
personaplex_7b_v1_q8_0,personaplex,gguf,q8_0,no,no
piper_lessac_medium_orig,piper_tts,gguf,orig,yes,no
pocket_tts_english_q8_0,pocket_tts,gguf,q8_0,yes,no
pocket_tts_english_bf16,pocket_tts,gguf,bf16,no,no
pocket_tts_german_q8_0,pocket_tts,gguf,q8_0,no,no
pocket_tts_german_bf16,pocket_tts,gguf,bf16,no,no
pocket_tts_italian_q8_0,pocket_tts,gguf,q8_0,no,no
pocket_tts_italian_bf16,pocket_tts,gguf,bf16,no,no
pocket_tts_portuguese_q8_0,pocket_tts,gguf,q8_0,no,no
pocket_tts_portuguese_bf16,pocket_tts,gguf,bf16,no,no
pocket_tts_spanish_q8_0,pocket_tts,gguf,q8_0,no,no
pocket_tts_spanish_bf16,pocket_tts,gguf,bf16,no,no
pocket_tts_english_safetensors,pocket_tts,safetensors,native,no,no
pulsevad_2_1k_f32,pulsevad,gguf,f32,yes,no
pulsevad_81k_f32,pulsevad,gguf,f32,no,no
qwen3_asr_1_7b_q8_0,qwen3_asr,gguf,q8_0,yes,no
qwen3_asr_1_7b_f16,qwen3_asr,gguf,f16,no,no
qwen3_asr_0_6b_q8_0,qwen3_asr,gguf,q8_0,no,no
qwen3_asr_0_6b_f16,qwen3_asr,gguf,f16,no,no
qwen3_asr_1_7b_safetensors,qwen3_asr,safetensors,native,no,no
qwen3_asr_0_6b_safetensors,qwen3_asr,safetensors,native,no,no
qwen3_forced_aligner_0_6b_q8_0,qwen3_forced_aligner,gguf,q8_0,yes,no
qwen3_forced_aligner_0_6b_f16,qwen3_forced_aligner,gguf,f16,no,no
qwen3_forced_aligner_0_6b_safetensors,qwen3_forced_aligner,safetensors,native,no,no
qwen3_tts_1_7b_base_q8_0,qwen3_tts,gguf,q8_0,yes,no
qwen3_tts_1_7b_base_bf16,qwen3_tts,gguf,bf16,no,no
qwen3_tts_1_7b_base_orig,qwen3_tts,gguf,orig,no,no
qwen3_tts_1_7b_customvoice_q8_0,qwen3_tts,gguf,q8_0,no,no
qwen3_tts_1_7b_customvoice_bf16,qwen3_tts,gguf,bf16,no,no
qwen3_tts_1_7b_voicedesign_q8_0,qwen3_tts,gguf,q8_0,no,no
qwen3_tts_1_7b_voicedesign_bf16,qwen3_tts,gguf,bf16,no,no
qwen3_tts_0_6b_base_q8_0,qwen3_tts,gguf,q8_0,no,no
qwen3_tts_0_6b_base_bf16,qwen3_tts,gguf,bf16,no,no
qwen3_tts_1_7b_base_safetensors,qwen3_tts,safetensors,native,no,no
rvc_f16,rvc,gguf,f16,yes,no
samsone_99m_bf16,samsone,gguf,bf16,yes,no
samsone_99m_q8_0,samsone,gguf,q8_0,no,no
samsone_134m_bf16,samsone,gguf,bf16,no,no
samsone_134m_q8_0,samsone,gguf,q8_0,no,no
samsone_356m_bf16,samsone,gguf,bf16,no,no
samsone_356m_q8_0,samsone,gguf,q8_0,no,no
sanotts_heart_nano_orig,sanotts,gguf,orig,yes,no
sanotts_heart_orig,sanotts,gguf,orig,no,no
sanotts_amy_orig,sanotts,gguf,orig,no,no
sanotts_hfc_orig,sanotts,gguf,orig,no,no
sanotts_kristin_orig,sanotts,gguf,orig,no,no
sanotts_vi_orig,sanotts,gguf,orig,no,no
sanotts_id_orig,sanotts,gguf,orig,no,no
sanotts_cs_orig,sanotts,gguf,orig,no,no
sanotts_de_orig,sanotts,gguf,orig,no,no
sanotts_es_orig,sanotts,gguf,orig,no,no
sanotts_fr_orig,sanotts,gguf,orig,no,no
sanotts_it_orig,sanotts,gguf,orig,no,no
sanotts_pt_orig,sanotts,gguf,orig,no,no
sanotts_ro_orig,sanotts,gguf,orig,no,no
sanotts_ru_orig,sanotts,gguf,orig,no,no
sanotts_tr_orig,sanotts,gguf,orig,no,no
sanotts_ne_orig,sanotts,gguf,orig,no,no
sanotts_hi_orig,sanotts,gguf,orig,no,no
seed_vc_mlx_q8_0,seed_vc,gguf,q8_0,yes,no
seed_vc_mlx_f16,seed_vc,gguf,f16,no,no
seed_vc_mlx_orig,seed_vc,gguf,orig,no,no
seed_vc_mlx_safetensors,seed_vc,safetensors,native,no,no
sensevoice_small_q8,sense_asr,gguf,q8_0,yes,no
sheetsage2_orig,sheetsage2,gguf,orig,yes,no
soprano_1_1_80m_q8_0,soprano_tts,gguf,q8_0,yes,no
soprano_1_1_80m_bf16,soprano_tts,gguf,bf16,no,no
sopro_v2_turbo_f16,sopro_tts,gguf,f16,yes,no
sopro_v2_turbo_safetensors,sopro_tts,safetensors,orig,no,no
sortformer_diar_4spk_v1_q8_0,sortformer_diar,gguf,q8_0,yes,no
sortformer_diar_4spk_v1_f16,sortformer_diar,gguf,f16,no,no
sortformer_diar_4spk_v1_safetensors,sortformer_diar,safetensors,native,no,no
sortformer_diar_v2_1_f32_local,sortformer_diar_v2,safetensors,f32,no,no
sortformer_diar_v2_1_f32_gguf_local,sortformer_diar_v2,gguf,f32,yes,no
sortformer_diar_v2_1_f16_mixed_gguf_local,sortformer_diar_v2,gguf,f16,no,no
stable_audio_3_medium_q8_0,stable_audio,gguf,q8_0,yes,no
stable_audio_3_medium_f16,stable_audio,gguf,f16,no,no
stable_audio_3_small_music_q8_0,stable_audio,gguf,q8_0,no,no
stable_audio_3_small_music_f16,stable_audio,gguf,f16,no,no
stable_audio_3_small_sfx_q8_0,stable_audio,gguf,q8_0,no,no
stable_audio_3_small_sfx_f16,stable_audio,gguf,f16,no,no
stable_audio_3_medium_safetensors,stable_audio,safetensors,native,no,no
stable_audio_3_small_music_safetensors,stable_audio,safetensors,native,no,no
stable_audio_3_small_sfx_safetensors,stable_audio,safetensors,native,no,no
supertonic_3_q8_0,supertonic,gguf,q8_0,no,no
supertonic_3_f16,supertonic,gguf,f16,no,no
supertonic_3_orig,supertonic,gguf,orig,yes,no
supertonic_3_safetensors,supertonic,safetensors,native,no,no
universr_audio_orig,universr,gguf,f32,yes,no
universr_speech_orig,universr,gguf,f32,no,no
vevo2_q8_0,vevo2,gguf,q8_0,yes,no
vevo2_f16,vevo2,gguf,f16,no,no
vevo2_orig,vevo2,gguf,orig,no,no
vibeasr_bitnet_i2_s,vibeasr,gguf,native,yes,no
vibevoice_1_5b_q8_0,vibevoice,gguf,q8_0,yes,no
vibevoice_1_5b_bf16,vibevoice,gguf,bf16,no,no
vibevoice_7b_q8_0,vibevoice,gguf,q8_0,no,no
vibevoice_asr_q8_0,vibevoice_asr,gguf,q8_0,yes,no
vibevoice_asr_f16,vibevoice_asr,gguf,f16,no,no
vibevoice_asr_streaming_7b_q8_0,vibevoice_asr_streaming,gguf,q8_0,yes,no
vibevoice_asr_streaming_7b_bf16,vibevoice_asr_streaming,gguf,bf16,no,no
vibevoice_asr_streaming_7b_q4_k,vibevoice_asr_streaming,gguf,q4_k,no,no
vibevoice_asr_streaming_1_5b_q8_0,vibevoice_asr_streaming,gguf,q8_0,no,no
vibevoice_asr_streaming_1_5b_bf16,vibevoice_asr_streaming,gguf,bf16,no,no
vibevoice_asr_streaming_1_5b_q4_k,vibevoice_asr_streaming,gguf,q4_k,no,no
vieneu_v3_turbo_q8_0,vieneu_v3_turbo,gguf,q8_0,yes,no
vieneu_v3_turbo_bf16,vieneu_v3_turbo,gguf,bf16,no,no
vietneu_tts_v3_turbo_q8_0,vieneu_v3_turbo,gguf,q8_0,no,no
voxcpm1_0_5b_q8_0,voxcpm1,gguf,q8_0,yes,no
voxcpm2_q8_0,voxcpm2,gguf,q8_0,yes,no
voxcpm2_bf16,voxcpm2,gguf,bf16,no,no
voxcpm2_orig,voxcpm2,gguf,orig,no,no
voxcpm2_safetensors,voxcpm2,safetensors,native,no,no
voxtral_realtime_q8_0,voxtral_realtime,gguf,q8_0,yes,no
voxtral_realtime_q4_k,voxtral_realtime,gguf,q4_k,no,no
voxtral_realtime_bf16,voxtral_realtime,gguf,bf16,no,no
yue2_main_q8_0,yue2,gguf,q8_0,yes,no
yue2_main_bf16,yue2,gguf,bf16,no,no
yue2_main_q4_0,yue2,gguf,q4_0,no,no
yue2_vae_f16,yue2,gguf,f16,no,no
yue2_vae_f32,yue2,gguf,f32,no,no
zipvoice_distill_gguf,zipvoice,gguf,orig,yes,no
zipvoice_distill_q8_0,zipvoice,gguf,q8_0,no,no
